<?xml version="1.0" encoding="UTF-8"?>
<metadata xml:lang="id"><Esri><CreaDate>20241216</CreaDate><CreaTime>17551300</CreaTime><ArcGISFormat>1.0</ArcGISFormat><SyncOnce>TRUE</SyncOnce><DataProperties><lineage><Process ToolSource="c:\program files (x86)\arcgis\desktop10.8\ArcToolbox\Toolboxes\Conversion Tools.tbx\RasterToPolygon" Date="20241210" Time="001833">RasterToPolygon Reclass_tif18 "D:\00 DATA EZA\02 KONAWE UTARA\TOPOGRAFI\topo.shp" SIMPLIFY mdpl SINGLE_OUTER_PART #</Process></lineage></DataProperties></Esri></metadata>
