<?xml version="1.0"?>
<!--<!DOCTYPE metadata SYSTEM "http://www.esri.com/metadata/esriprof80.dtd">-->
<metadata xml:lang="id"><Esri><CreaDate>20241216</CreaDate><CreaTime>17381300</CreaTime><SyncOnce>TRUE</SyncOnce><ArcGISFormat>1.0</ArcGISFormat></Esri><idinfo><citation><citeinfo><onlink Sync="TRUE"></onlink></citeinfo></citation></idinfo><distInfo><distributor><distorTran><onLineSrc><linkage Sync="TRUE">file://</linkage><protocol Sync="TRUE">Local Area Network</protocol></onLineSrc></distorTran></distributor></distInfo><dataqual><lineage><procstep><procdesc Sync="TRUE">Dataset moved.</procdesc><srcused Sync="TRUE">C:\Keg 2009\2009.1. RRTR KSN Timika\2009.1.2. Peta RRTR KSN Timika\2009.1.2.2. Map Layer RRTR KSN Timika\1. Layer SHP KSN Timika\Bathimetry_region</srcused><procdate Sync="TRUE">20090401</procdate><proctime Sync="TRUE">00592600</proctime></procstep><procstep><procdesc Sync="TRUE">Dataset copied.</procdesc><srcused Sync="TRUE"></srcused><procdate Sync="TRUE">20100122</procdate><proctime Sync="TRUE">00125600</proctime></procstep><procstep><procdesc Sync="TRUE">Dataset copied.</procdesc><srcused Sync="TRUE">C:\Keg 2010\RTRW Amb 2010\Peta RTRW K Ambon Rev 2010\Layer RTRW Ambon\Bathimetry_region</srcused><procdate Sync="TRUE">20100419</procdate><proctime Sync="TRUE">13431300</proctime></procstep><procstep><procdesc Sync="TRUE">Dataset copied.</procdesc><srcused Sync="TRUE"></srcused><procdate Sync="TRUE">20100803</procdate><proctime Sync="TRUE">09352700</proctime></procstep><procstep><procdesc Sync="TRUE">Dataset copied.</procdesc><srcused Sync="TRUE">D:\Master Proyek\bathimetry</srcused><procdate Sync="TRUE">20110702</procdate><proctime Sync="TRUE">20465000</proctime></procstep><procstep><procdesc Sync="TRUE">Dataset copied.</procdesc><srcused Sync="TRUE"></srcused><procdate Sync="TRUE">20110717</procdate><proctime Sync="TRUE">10383700</proctime></procstep><procstep><procdesc Sync="TRUE">Dataset copied.</procdesc><srcused Sync="TRUE"></srcused><procdate Sync="TRUE">20110823</procdate><proctime Sync="TRUE">12551500</proctime></procstep><procstep><procdesc Sync="TRUE">Dataset copied.</procdesc><srcused Sync="TRUE"></srcused><procdate Sync="TRUE">20120520</procdate><proctime Sync="TRUE">12081700</proctime></procstep></lineage></dataqual></metadata>
